[1,23,"Weather","",{"FlipOcclusion":["Off","On"],"Instancing":["Off","On"],"NoOcclusion":["Off","On"],"NoVariety":["Off","On"]},[["color0",3,4,0,0,-1,-1],["fog",3,4,1,0,-1,-1],["instanceData0",3,7,7,1,-1,-1],["instanceData1",3,7,6,1,-1,-1],["instanceData2",3,7,5,1,-1,-1],["occlusionHeight",0,7,2,0,-1,-1],["occlusionUV",1,7,1,0,-1,-1],["position",2,0,0,0,-1,-1],["texcoord0",1,7,0,0,-1,-1],["worldPos",2,7,3,0,-1,-1]],[["LightingTexture",0,0,0,0,1,"float","",0,1,"",-1],["OcclusionTexture",1,1,0,0,1,"float","",0,1,"",-1],["WeatherTexture",2,2,0,0,1,"float","",0,1,"",-1]],[["Dimensions",2,1,[0.0,0.0,0.0,0.0]],["FogAndDistanceControl",2,1,[0.0,0.0,0.0,0.0]],["FogColor",2,1,[1.0,1.0,1.0,1.0]],["LightDiffuseColorAndIlluminance",2,1,[1.0,1.0,1.0,1.0]],["LightWorldSpaceDirection",2,1,[0.0,-1.0,0.0,1.0]],["MaterialID",2,1,[0.0,0.0,0.0,0.0]],["OcclusionHeightOffset",2,1,[]],["PositionBaseOffset",2,1,[0.0,0.0,0.0,0.0]],["PositionForwardOffset",2,1,[0.0,0.0,0.0,0.0]],["PrevPositionBaseOffset",2,1,[0.0,0.0,0.0,0.0]],["PrevPositionForwardOffset",2,1,[0.0,0.0,0.0,0.0]],["SubPixelOffset",2,1,[0.0,0.0,0.0,0.0]],["UVOffsetAndScale",2,1,[0.0,0.0,0.0,0.0]],["Velocity",2,1,[0.0,0.0,0.0,0.0]],["ViewPosition",2,1,[0.0,0.0,0.0,0.0]]],{},[["Transparent","111111111111111","","",{"0":0,"1":0,"2":0,"3":0},0,[[1,{"0":0,"1":0,"2":0,"3":0},[[0,1,[0,2,3,4,7,8]],[1,2,[0,1,5,6,8,9]],[1,1,[0,1,5,6,8,9]],[0,2,[0,2,3,4,7,8]],[0,3,[0,2,3,4,7,8]],[1,4,[0,1,5,6,8,9]],[1,3,[0,1,5,6,8,9]],[0,4,[0,2,3,4,7,8]]]],[1,{"0":0,"1":0,"2":0,"3":1},[[0,1,[0,2,3,4,7,8]],[1,2,[0,1,5,6,8,9]],[1,1,[0,1,5,6,8,9]],[0,2,[0,2,3,4,7,8]],[0,3,[0,2,3,4,7,8]],[1,4,[0,1,5,6,8,9]],[1,3,[0,1,5,6,8,9]],[0,4,[0,2,3,4,7,8]]]],[1,{"0":0,"1":0,"2":1,"3":0},[[0,1,[0,2,3,4,7,8]],[1,2,[0,1,5,6,8,9]],[1,1,[0,1,5,6,8,9]],[0,2,[0,2,3,4,7,8]],[0,3,[0,2,3,4,7,8]],[1,4,[0,1,5,6,8,9]],[1,3,[0,1,5,6,8,9]],[0,4,[0,2,3,4,7,8]]]],[1,{"0":0,"1":0,"2":1,"3":1},[[0,1,[0,2,3,4,7,8]],[1,2,[0,1,5,6,8,9]],[1,1,[0,1,5,6,8,9]],[0,2,[0,2,3,4,7,8]],[0,3,[0,2,3,4,7,8]],[1,4,[0,1,5,6,8,9]],[1,3,[0,1,5,6,8,9]],[0,4,[0,2,3,4,7,8]]]],[1,{"0":0,"1":1,"2":0,"3":0},[[0,1,[0,2,3,4,7,8]],[1,2,[0,1,5,6,8,9]],[1,1,[0,1,5,6,8,9]],[0,2,[0,2,3,4,7,8]],[0,3,[0,2,3,4,7,8]],[1,4,[0,1,5,6,8,9]],[1,3,[0,1,5,6,8,9]],[0,4,[0,2,3,4,7,8]]]],[1,{"0":0,"1":1,"2":0,"3":1},[[0,1,[0,2,3,4,7,8]],[1,2,[0,1,5,6,8,9]],[1,1,[0,1,5,6,8,9]],[0,2,[0,2,3,4,7,8]],[0,3,[0,2,3,4,7,8]],[1,4,[0,1,5,6,8,9]],[1,3,[0,1,5,6,8,9]],[0,4,[0,2,3,4,7,8]]]],[1,{"0":0,"1":1,"2":1,"3":0},[[0,1,[0,2,3,4,7,8]],[1,2,[0,1,5,6,8,9]],[1,1,[0,1,5,6,8,9]],[0,2,[0,2,3,4,7,8]],[0,3,[0,2,3,4,7,8]],[1,4,[0,1,5,6,8,9]],[1,3,[0,1,5,6,8,9]],[0,4,[0,2,3,4,7,8]]]],[1,{"0":0,"1":1,"2":1,"3":1},[[0,1,[0,2,3,4,7,8]],[1,2,[0,1,5,6,8,9]],[1,1,[0,1,5,6,8,9]],[0,2,[0,2,3,4,7,8]],[0,3,[0,2,3,4,7,8]],[1,4,[0,1,5,6,8,9]],[1,3,[0,1,5,6,8,9]],[0,4,[0,2,3,4,7,8]]]],[1,{"0":1,"1":0,"2":0,"3":0},[[0,1,[0,2,3,4,7,8]],[1,2,[0,1,5,6,8,9]],[1,1,[0,1,5,6,8,9]],[0,2,[0,2,3,4,7,8]],[0,3,[0,2,3,4,7,8]],[1,4,[0,1,5,6,8,9]],[1,3,[0,1,5,6,8,9]],[0,4,[0,2,3,4,7,8]]]],[1,{"0":1,"1":0,"2":0,"3":1},[[0,1,[0,2,3,4,7,8]],[1,2,[0,1,5,6,8,9]],[1,1,[0,1,5,6,8,9]],[0,2,[0,2,3,4,7,8]],[0,3,[0,2,3,4,7,8]],[1,4,[0,1,5,6,8,9]],[1,3,[0,1,5,6,8,9]],[0,4,[0,2,3,4,7,8]]]],[1,{"0":1,"1":0,"2":1,"3":0},[[0,1,[0,2,3,4,7,8]],[1,2,[0,1,5,6,8,9]],[1,1,[0,1,5,6,8,9]],[0,2,[0,2,3,4,7,8]],[0,3,[0,2,3,4,7,8]],[1,4,[0,1,5,6,8,9]],[1,3,[0,1,5,6,8,9]],[0,4,[0,2,3,4,7,8]]]],[1,{"0":1,"1":0,"2":1,"3":1},[[0,1,[0,2,3,4,7,8]],[1,2,[0,1,5,6,8,9]],[1,1,[0,1,5,6,8,9]],[0,2,[0,2,3,4,7,8]],[0,3,[0,2,3,4,7,8]],[1,4,[0,1,5,6,8,9]],[1,3,[0,1,5,6,8,9]],[0,4,[0,2,3,4,7,8]]]],[1,{"0":1,"1":1,"2":0,"3":0},[[0,1,[0,2,3,4,7,8]],[1,2,[0,1,5,6,8,9]],[1,1,[0,1,5,6,8,9]],[0,2,[0,2,3,4,7,8]],[0,3,[0,2,3,4,7,8]],[1,4,[0,1,5,6,8,9]],[1,3,[0,1,5,6,8,9]],[0,4,[0,2,3,4,7,8]]]],[1,{"0":1,"1":1,"2":0,"3":1},[[0,1,[0,2,3,4,7,8]],[1,2,[0,1,5,6,8,9]],[1,1,[0,1,5,6,8,9]],[0,2,[0,2,3,4,7,8]],[0,3,[0,2,3,4,7,8]],[1,4,[0,1,5,6,8,9]],[1,3,[0,1,5,6,8,9]],[0,4,[0,2,3,4,7,8]]]],[1,{"0":1,"1":1,"2":1,"3":0},[[0,1,[0,2,3,4,7,8]],[1,2,[0,1,5,6,8,9]],[1,1,[0,1,5,6,8,9]],[0,2,[0,2,3,4,7,8]],[0,3,[0,2,3,4,7,8]],[1,4,[0,1,5,6,8,9]],[1,3,[0,1,5,6,8,9]],[0,4,[0,2,3,4,7,8]]]],[1,{"0":1,"1":1,"2":1,"3":1},[[0,1,[0,2,3,4,7,8]],[1,2,[0,1,5,6,8,9]],[1,1,[0,1,5,6,8,9]],[0,2,[0,2,3,4,7,8]],[0,3,[0,2,3,4,7,8]],[1,4,[0,1,5,6,8,9]],[1,3,[0,1,5,6,8,9]],[0,4,[0,2,3,4,7,8]]]]]]]]